﻿season,concert.name,set,who,what
2014-2015,"Steven Isserlis, Boccherini, and Haydn",1,"Nicholas McGegan, conductor, Steven Isserlis, violoncello","BOCCHERINIConcerto for Violoncello No. 7 in G major, G. 480 C.P.E. BACH Concerto for Violoncello in A major, Wq 172 HAYDN Symphony No. 67 in F major Symphony No. 57 in D major"
2014-2015,"Andreas Scholl, J.S. Bach, and Handel",2,"Julian Wachner, conductor, Andreas Scholl, countertenor","HANDELArias including ÒVa tacitoÓ from Giulio Cesare J.S. BACHSinfonia to Cantata No. 42 Brandenburg Concerto No. 1 in F major, BWV 1046 Cantata No. 170 ÒVergnugte Ruh, beliebte SeelenlustÓ BWV 170 TELEMANNConcerto in D major for Violin, Oboe and Two Horns, TWV 54:F1"
2014-2015,Vivaldi and Zelenka: A Joyous Christmas,3,"Nicholas McGegan, conductor, Dominique Labelle, soprano, Christopher Ainslie, alto, Thomas Cooley, tenor, Dashon Burton, bass-baritone, The Philharmonia Chorale Ð Bruce Lamott, director","VIVALDI Dixit Dominus, RV 807 ZELENKA Missa Nativitatis Domini, ZWV 8 VEJVANOVSKY Sonata natalis Prince Paul ESTERHçZY Cur fles, Jesu HAYDN Ave Regina Coelorum"
2014-2015,The Cousins Bach,4,"Nicholas McGegan, conductor Sherezade Panthaki, soprano Clifton Massey, countertenor Brian Thorsett, tenor Jeffrey Fields, baritone The Philharmonia Chorale Ð Bruce Lamott, director","Johann Ludwig BACH, Trauermusik, Johann Christoph BACH Cantata ÒMeine Freundin, du bist schnÓ"
2014-2015,Rachel Podger and Vivaldi,5,"Rachel Podger, violin and leader","VIVALDI Violin concertos from LÕestro armonico, Op. 3 and La cetra, Op. 9 LÕestro: Concerto for 4 Violins No. 4 in E minor, RV 550 LÕestro: Concerto for 2 Violins No. 8 in A minor, RV 522 La stravaganza: Concerto for Violin Op. 4, No. 8 in D minor, RV 249 LÕestro: Concerto for 2 Violins and Cello No. 11 in D minor, RV 565 La cetra: Concerto for Violin No. 12 in B minor, RV 391 LÕestro: Concerto for 2 Violins No. 2 in G minor, RV 578 La cetra: Concerto for 2 Violins No. 9 in B-flat major, RV 530 LÕestro: Concerto for 4 Violins No. 10 in B minor, RV 580"
2014-2015,RossiniÕs The Marriage Contract,6,"Nicholas McGegan, conductor Soloists from San Francisco Opera CenterÕs Adler Fellowship Program Ted Huffman, director",ROSSINI La cambiale di matrimonio (The Marriage Contract)