﻿season,concert.name,set,who,what,location
2010-2011,Robert Levin Plays Mozart,1,"Nicholas McGegan, conductorRobert Levin, fortepiano","MOZART: Incidental Music from Thamos, King of Egypt, K. 345MOZART: Concerto for Fortepiano No. 20 in D minor, K. 466LEVIN: Improvisations on themes submitted by the audienceMOZART/LEVIN: Concerto Movement in G major from Nannerl's MusicBook, NMA No. 51 (newly attributed to Mozart, US Premiere)LEVIN: Variations on themes submitted by the audienceMOZART:Symphony No. 41 in C major, K. 551 Jupiter",Peninsula
2010-2011,Robert Levin Plays Mozart,1,"Nicholas McGegan, conductorRobert Levin, fortepiano","MOZART: Incidental Music from Thamos, King of Egypt, K. 345MOZART: Concerto for Fortepiano No. 20 in D minor, K. 466LEVIN: Improvisations on themes submitted by the audienceMOZART/LEVIN: Concerto Movement in G major from Nannerl's MusicBook, NMA No. 51 (newly attributed to Mozart, US Premiere)LEVIN: Variations on themes submitted by the audienceMOZART:Symphony No. 41 in C major, K. 551 Jupiter",Berkeley Sunday
2010-2011,Robert Levin Plays Mozart,1,"Nicholas McGegan, conductorRobert Levin, fortepiano","MOZART: Incidental Music from Thamos, King of Egypt, K. 345MOZART: Concerto for Fortepiano No. 20 in D minor, K. 466LEVIN: Improvisations on themes submitted by the audienceMOZART/LEVIN: Concerto Movement in G major from Nannerl's MusicBook, NMA No. 51 (newly attributed to Mozart, US Premiere)LEVIN: Variations on themes submitted by the audienceMOZART:Symphony No. 41 in C major, K. 551 Jupiter",San Francisco
2010-2011,Robert Levin Plays Mozart,1,"Nicholas McGegan, conductorRobert Levin, fortepiano","MOZART: Incidental Music from Thamos, King of Egypt, K. 345MOZART: Concerto for Fortepiano No. 20 in D minor, K. 466LEVIN: Improvisations on themes submitted by the audienceMOZART/LEVIN: Concerto Movement in G major from Nannerl's MusicBook, NMA No. 51 (newly attributed to Mozart, US Premiere)LEVIN: Variations on themes submitted by the audienceMOZART:Symphony No. 41 in C major, K. 551 Jupiter",Berkeley Saturday
2010-2011,Robert Levin Plays Mozart,1,"Nicholas McGegan, conductorRobert Levin, fortepiano","MOZART: Incidental Music from Thamos, King of Egypt, K. 345MOZART: Concerto for Fortepiano No. 20 in D minor, K. 466LEVIN: Improvisations on themes submitted by the audienceMOZART/LEVIN: Concerto Movement in G major from Nannerl's MusicBook, NMA No. 51 (newly attributed to Mozart, US Premiere)LEVIN: Variations on themes submitted by the audienceMOZART:Symphony No. 41 in C major, K. 551 Jupiter",Contra Costa
2010-2011,Bach's Wedding Cantata,2,"Lars Ulrik Mortensen, conductor and harpsichordMaria Keohane, soprano","BachÕs Wedding CantataBACHOrchestral Suite No. 1 in C major, BWV 1066Concerto for Harpsichord in D minor, BWV 1052ÒWeichet nur, betrubte SchattenÓ (The Wedding Cantata), BWV 202Concerto for Harpsichord in D major, BWV 1054",Berkeley Sunday
2010-2011,Bach's Wedding Cantata,2,"Lars Ulrik Mortensen, conductor and harpsichordMaria Keohane, soprano","BachÕs Wedding CantataBACHOrchestral Suite No. 1 in C major, BWV 1066Concerto for Harpsichord in D minor, BWV 1052ÒWeichet nur, betrubte SchattenÓ (The Wedding Cantata), BWV 202Concerto for Harpsichord in D major, BWV 1054",San Francisco
2010-2011,Bach's Wedding Cantata,2,"Lars Ulrik Mortensen, conductor and harpsichordMaria Keohane, soprano","BachÕs Wedding CantataBACHOrchestral Suite No. 1 in C major, BWV 1066Concerto for Harpsichord in D minor, BWV 1052ÒWeichet nur, betrubte SchattenÓ (The Wedding Cantata), BWV 202Concerto for Harpsichord in D major, BWV 1054",Berkeley Saturday
2010-2011,Bach's Wedding Cantata,2,"Lars Ulrik Mortensen, conductor and harpsichordMaria Keohane, soprano","BachÕs Wedding CantataBACHOrchestral Suite No. 1 in C major, BWV 1066Concerto for Harpsichord in D minor, BWV 1052ÒWeichet nur, betrubte SchattenÓ (The Wedding Cantata), BWV 202Concerto for Harpsichord in D major, BWV 1054",Peninsula
2010-2011,Vivaldi's Four Seasons,3,"Nicholas McGegan, conductorElizabeth Blumenstock, violin","VivaldiÕs Four SeasonsCORELLI: Concerto Grosso Op. 6, No. 11 in B-flat majorPERGOLESI: Sinfonia in F majorVIVALDI: Le Quattro stagioni (The Four Seasons). Op. 8, Nos. 1-4DURANTE: Concerto No. 5 in A majorZAVATERI: Concerto decimo a Pastorale, Op. 1",San Francisco
2010-2011,Vivaldi's Four Seasons,3,"Nicholas McGegan, conductorElizabeth Blumenstock, violin","VivaldiÕs Four SeasonsCORELLI: Concerto Grosso Op. 6, No. 11 in B-flat majorPERGOLESI: Sinfonia in F majorVIVALDI: Le Quattro stagioni (The Four Seasons). Op. 8, Nos. 1-4DURANTE: Concerto No. 5 in A majorZAVATERI: Concerto decimo a Pastorale, Op. 1",Peninsula
2010-2011,Vivaldi's Four Seasons,3,"Nicholas McGegan, conductorElizabeth Blumenstock, violin","VivaldiÕs Four SeasonsCORELLI: Concerto Grosso Op. 6, No. 11 in B-flat majorPERGOLESI: Sinfonia in F majorVIVALDI: Le Quattro stagioni (The Four Seasons). Op. 8, Nos. 1-4DURANTE: Concerto No. 5 in A majorZAVATERI: Concerto decimo a Pastorale, Op. 1",Berkeley Sunday
2010-2011,Vivaldi's Four Seasons,3,"Nicholas McGegan, conductorElizabeth Blumenstock, violin","VivaldiÕs Four SeasonsCORELLI: Concerto Grosso Op. 6, No. 11 in B-flat majorPERGOLESI: Sinfonia in F majorVIVALDI: Le Quattro stagioni (The Four Seasons). Op. 8, Nos. 1-4DURANTE: Concerto No. 5 in A majorZAVATERI: Concerto decimo a Pastorale, Op. 1",Berkeley Saturday
2010-2011,Handel's Messiah,4,"Nicholas McGegan, Music DirectorMary Wilson, sopranoDaniel Taylor, countertenorJohn McVeigh, tenorTyler Duncan, bassPhilharmonia Chorale, Bruce Lamott, Director",HANDEL Messiah,San Francisco
2010-2011,Handel's Messiah,4,"Nicholas McGegan, Music DirectorMary Wilson, sopranoDaniel Taylor, countertenorJohn McVeigh, tenorTyler Duncan, bassPhilharmonia Chorale, Bruce Lamott, Director",HANDEL Messiah,Berkeley Saturday
2010-2011,Handel's Messiah,4,"Nicholas McGegan, Music DirectorMary Wilson, sopranoDaniel Taylor, countertenorJohn McVeigh, tenorTyler Duncan, bassPhilharmonia Chorale, Bruce Lamott, Director",HANDEL Messiah,Berkeley Sunday
2010-2011,Handel's Messiah,4,"Nicholas McGegan, Music DirectorMary Wilson, sopranoDaniel Taylor, countertenorJohn McVeigh, tenorTyler Duncan, bassPhilharmonia Chorale, Bruce Lamott, Director",HANDEL Messiah,Peninsula
2010-2011,David Daniels,5,"Nicholas McGegan, Music DirectorDavid Daniels, countertenor","TELEMANN: Concerto for Two Horns in D majorVIVALDI: Stabat mater, RV 621HANDEL: Opera AriasÒCrede, lÕuom chÕegli riposiÓ from Il trionfo del Tempo e del Disinganno ÒOtton, qual portentoso fulmineÉ Voi che udite il mio lamentoÓ from AgrippinaÒPerfido! d a quellÕempio tirannoÓ from RadamistoTELEMANN: Suite in F major, TV 55:F11 ÒAlster OvertureÓ",San Francisco
2010-2011,David Daniels,5,"Nicholas McGegan, Music DirectorDavid Daniels, countertenor","TELEMANN: Concerto for Two Horns in D majorVIVALDI: Stabat mater, RV 621HANDEL: Opera AriasÒCrede, lÕuom chÕegli riposiÓ from Il trionfo del Tempo e del Disinganno ÒOtton, qual portentoso fulmineÉ Voi che udite il mio lamentoÓ from AgrippinaÒPerfido! d a quellÕempio tirannoÓ from RadamistoTELEMANN: Suite in F major, TV 55:F11 ÒAlster OvertureÓ",Peninsula
2010-2011,David Daniels,5,"Nicholas McGegan, Music DirectorDavid Daniels, countertenor","TELEMANN: Concerto for Two Horns in D majorVIVALDI: Stabat mater, RV 621HANDEL: Opera AriasÒCrede, lÕuom chÕegli riposiÓ from Il trionfo del Tempo e del Disinganno ÒOtton, qual portentoso fulmineÉ Voi che udite il mio lamentoÓ from AgrippinaÒPerfido! d a quellÕempio tirannoÓ from RadamistoTELEMANN: Suite in F major, TV 55:F11 ÒAlster OvertureÓ",Berkeley Saturday
2010-2011,David Daniels,5,"Nicholas McGegan, Music DirectorDavid Daniels, countertenor","TELEMANN: Concerto for Two Horns in D majorVIVALDI: Stabat mater, RV 621HANDEL: Opera AriasÒCrede, lÕuom chÕegli riposiÓ from Il trionfo del Tempo e del Disinganno ÒOtton, qual portentoso fulmineÉ Voi che udite il mio lamentoÓ from AgrippinaÒPerfido! d a quellÕempio tirannoÓ from RadamistoTELEMANN: Suite in F major, TV 55:F11 ÒAlster OvertureÓ",Berkeley Sunday
2010-2011,Hummel's Concerto for Keyed Trumpet,6,"Nicholas McGegan, Music DirectorGabriele Cassone, keyed trumpet","SPOHR: Symphony No. 2 in D minor, Op. 49HUMMEL: Concerto for Keyed Trumpet in E majorMENDELSSOHN: Symphony No 1. in C minor, Op. 11",San Francisco
2010-2011,Hummel's Concerto for Keyed Trumpet,6,"Nicholas McGegan, Music DirectorGabriele Cassone, keyed trumpet","SPOHR: Symphony No. 2 in D minor, Op. 49HUMMEL: Concerto for Keyed Trumpet in E majorMENDELSSOHN: Symphony No 1. in C minor, Op. 11",Peninsula
2010-2011,Hummel's Concerto for Keyed Trumpet,6,"Nicholas McGegan, Music DirectorGabriele Cassone, keyed trumpet","SPOHR: Symphony No. 2 in D minor, Op. 49HUMMEL: Concerto for Keyed Trumpet in E majorMENDELSSOHN: Symphony No 1. in C minor, Op. 11",Berkeley Saturday
2010-2011,Zheng Cao: The Life of a Singer,7,"Nicholas McGegan, conductorZheng Cao, mezzo-soprano","REBEL: Les Caractres de la danseHANDEL: ÒScherza infidaÓ from AriodanteGLUCK: Selections from Orfeo ed Euridice, incl. Dance of the Blessed Spirits, Aria ÒChe faro senza Euridice,Ó and Ballet Ð ChaconneSTOOKEY: Into the Bright Lights (U.S. Premiere)RAMEAU: Les Indes galantes, orchestral suite",San Francisco
2010-2011,Zheng Cao: The Life of a Singer,7,"Nicholas McGegan, conductorZheng Cao, mezzo-soprano","REBEL: Les Caractres de la danseHANDEL: ÒScherza infidaÓ from AriodanteGLUCK: Selections from Orfeo ed Euridice, incl. Dance of the Blessed Spirits, Aria ÒChe faro senza Euridice,Ó and Ballet Ð ChaconneSTOOKEY: Into the Bright Lights (U.S. Premiere)RAMEAU: Les Indes galantes, orchestral suite",Berkeley Sunday
2010-2011,Zheng Cao: The Life of a Singer,7,"Nicholas McGegan, conductorZheng Cao, mezzo-soprano","REBEL: Les Caractres de la danseHANDEL: ÒScherza infidaÓ from AriodanteGLUCK: Selections from Orfeo ed Euridice, incl. Dance of the Blessed Spirits, Aria ÒChe faro senza Euridice,Ó and Ballet Ð ChaconneSTOOKEY: Into the Bright Lights (U.S. Premiere)RAMEAU: Les Indes galantes, orchestral suite",Peninsula
2010-2011,Zheng Cao: The Life of a Singer,7,"Nicholas McGegan, conductorZheng Cao, mezzo-soprano","REBEL: Les Caractres de la danseHANDEL: ÒScherza infidaÓ from AriodanteGLUCK: Selections from Orfeo ed Euridice, incl. Dance of the Blessed Spirits, Aria ÒChe faro senza Euridice,Ó and Ballet Ð ChaconneSTOOKEY: Into the Bright Lights (U.S. Premiere)RAMEAU: Les Indes galantes, orchestral suite",Berkeley Saturday
2010-2011,Haydn's Creation,8,"Nicholas McGegan, conductorDominique Labelle, sopranoThomas Cooley, tenorPhilip Cutlip, baritonePhilharmonia ChoraleBruce Lamott, director",HAYDN: The Creation,Peninsula
2010-2011,Haydn's Creation,8,"Nicholas McGegan, conductorDominique Labelle, sopranoThomas Cooley, tenorPhilip Cutlip, baritonePhilharmonia ChoraleBruce Lamott, director",HAYDN: The Creation,Berkeley Sunday
2010-2011,Haydn's Creation,8,"Nicholas McGegan, conductorDominique Labelle, sopranoThomas Cooley, tenorPhilip Cutlip, baritonePhilharmonia ChoraleBruce Lamott, director",HAYDN: The Creation,San Francisco
2010-2011,Haydn's Creation,8,"Nicholas McGegan, conductorDominique Labelle, sopranoThomas Cooley, tenorPhilip Cutlip, baritonePhilharmonia ChoraleBruce Lamott, director",HAYDN: The Creation,Berkeley Saturday
2012-2013,Sound the Trumpet,1,"Nicholas McGegan, conductorHelene Zindarsian, sopranoClifton Massey, countertenorJean-Paul Jones, countertenorJonathan Smucker, tenorBrian Thorsett, tenorJeffrey Fields, baritoneJohn Bischoff, bass-baritonePhilharmonia Chorale,Bruce Lamott, director",Henry Purcell (c. 1659-1695) ÊDioclesian,San Francisco
2012-2013,Sound the Trumpet,1,"Nicholas McGegan, conductorHelene Zindarsian, sopranoClifton Massey, countertenorJean-Paul Jones, countertenorJonathan Smucker, tenorBrian Thorsett, tenorJeffrey Fields, baritoneJohn Bischoff, bass-baritonePhilharmonia Chorale,Bruce Lamott, director",Henry Purcell (c. 1659-1695) ÊDioclesian,Berkeley Sunday
2012-2013,Sound the Trumpet,1,"Nicholas McGegan, conductorHelene Zindarsian, sopranoClifton Massey, countertenorJean-Paul Jones, countertenorJonathan Smucker, tenorBrian Thorsett, tenorJeffrey Fields, baritoneJohn Bischoff, bass-baritonePhilharmonia Chorale,Bruce Lamott, director",Henry Purcell (c. 1659-1695) ÊDioclesian,Berkeley Saturday
2012-2013,Sound the Trumpet,1,"Nicholas McGegan, conductorHelene Zindarsian, sopranoClifton Massey, countertenorJean-Paul Jones, countertenorJonathan Smucker, tenorBrian Thorsett, tenorJeffrey Fields, baritoneJohn Bischoff, bass-baritonePhilharmonia Chorale,Bruce Lamott, director",Henry Purcell (c. 1659-1695) ÊDioclesian,Peninsula
2011-2012,Arias for Farinelli,2,"Nicholas McGegan, conductorVivica Genaux, mezzo-soprano","JOHANN FRIEDRICH FASCH (1688-1758)Concerto for Two Flutes, Two Oboes and Two Bassoons in D Minor, FWV L:d7ANTONIO VIVALDI (1678-1741)ÒCor mio che prigion seiÓ from Atenaide, RV 702 ÊÊ ÒSin nel placido soggiornoÓ from La fede tradita e vendicata, RV 712 ÊÊ ÒAlma oppressaÓ from La fida ninfa, RV 714Vivica Genaux, mezzo-sopranoGEORG PHILIPP TELEMANN (1681-1767)Concerto in D major, TWV 44:1 ÒSinfonia SpirituosaÓINTERMISSIONNICOLA PORPORA (1686-1768)ÒOr la nube procellosaÓ ÊÊ Ò Oh volesser gli Dei... Dolci, freschi auretteÓRICCARDO BROSCHI (1698-1756)ÒQual guerriero in campo armatoÓVivica Genaux, mezzo-sopranoJEAN-PHILIPPE RAMEAU (1683-1764)Orchestral suite from La Guirlande",Peninsula
2011-2012,Arias for Farinelli,2,"Nicholas McGegan, conductorVivica Genaux, mezzo-soprano","JOHANN FRIEDRICH FASCH (1688-1758)Concerto for Two Flutes, Two Oboes and Two Bassoons in D Minor, FWV L:d7ANTONIO VIVALDI (1678-1741)ÒCor mio che prigion seiÓ from Atenaide, RV 702 ÊÊ ÒSin nel placido soggiornoÓ from La fede tradita e vendicata, RV 712 ÊÊ ÒAlma oppressaÓ from La fida ninfa, RV 714Vivica Genaux, mezzo-sopranoGEORG PHILIPP TELEMANN (1681-1767)Concerto in D major, TWV 44:1 ÒSinfonia SpirituosaÓINTERMISSIONNICOLA PORPORA (1686-1768)ÒOr la nube procellosaÓ ÊÊ Ò Oh volesser gli Dei... Dolci, freschi auretteÓRICCARDO BROSCHI (1698-1756)ÒQual guerriero in campo armatoÓVivica Genaux, mezzo-sopranoJEAN-PHILIPPE RAMEAU (1683-1764)Orchestral suite from La Guirlande",San Francisco
2011-2012,Arias for Farinelli,2,"Nicholas McGegan, conductorVivica Genaux, mezzo-soprano","JOHANN FRIEDRICH FASCH (1688-1758)Concerto for Two Flutes, Two Oboes and Two Bassoons in D Minor, FWV L:d7ANTONIO VIVALDI (1678-1741)ÒCor mio che prigion seiÓ from Atenaide, RV 702 ÊÊ ÒSin nel placido soggiornoÓ from La fede tradita e vendicata, RV 712 ÊÊ ÒAlma oppressaÓ from La fida ninfa, RV 714Vivica Genaux, mezzo-sopranoGEORG PHILIPP TELEMANN (1681-1767)Concerto in D major, TWV 44:1 ÒSinfonia SpirituosaÓINTERMISSIONNICOLA PORPORA (1686-1768)ÒOr la nube procellosaÓ ÊÊ Ò Oh volesser gli Dei... Dolci, freschi auretteÓRICCARDO BROSCHI (1698-1756)ÒQual guerriero in campo armatoÓVivica Genaux, mezzo-sopranoJEAN-PHILIPPE RAMEAU (1683-1764)Orchestral suite from La Guirlande",Berkeley Sunday
2011-2012,Arias for Farinelli,2,"Nicholas McGegan, conductorVivica Genaux, mezzo-soprano","JOHANN FRIEDRICH FASCH (1688-1758)Concerto for Two Flutes, Two Oboes and Two Bassoons in D Minor, FWV L:d7ANTONIO VIVALDI (1678-1741)ÒCor mio che prigion seiÓ from Atenaide, RV 702 ÊÊ ÒSin nel placido soggiornoÓ from La fede tradita e vendicata, RV 712 ÊÊ ÒAlma oppressaÓ from La fida ninfa, RV 714Vivica Genaux, mezzo-sopranoGEORG PHILIPP TELEMANN (1681-1767)Concerto in D major, TWV 44:1 ÒSinfonia SpirituosaÓINTERMISSIONNICOLA PORPORA (1686-1768)ÒOr la nube procellosaÓ ÊÊ Ò Oh volesser gli Dei... Dolci, freschi auretteÓRICCARDO BROSCHI (1698-1756)ÒQual guerriero in campo armatoÓVivica Genaux, mezzo-sopranoJEAN-PHILIPPE RAMEAU (1683-1764)Orchestral suite from La Guirlande",Berkeley Saturday
2011-2012,Marion Verbruggen & the Italian Baroque Recorder,3,"Ottavio Dantone, conductorMarion Verbruggen, recorder","ARCANGELO CORELLI (1653-1713)  Concerto Grosso in F major, Op. 6 No. 2GIOVANNI LORENZO GREGORI (1663-1745) Concerto Grosso in A minor, Op. 2 No. 6FRANCESCO GEMINIANI (1687-1762) Concerto Grosso in D minor, Op. 3 No. 4ANTONIO VIVALDI (1678-1741) Concerto for Alto Recorder in F major, ÒLa tempesta di mare,Ó RV 433INTERMISSIONGIUSEPPE SAMMARTINI (1695-1750 Concerto for Soprano Recorder in F majorALESSANDRO SCARLATTI (1660-1725) Concerto Grosso No. 4 in G minorVIVALDI Concerto for Strings in D minor, RV 128CORELLI Concerto Grosso in D major, Op. 6 No. 4",Family concert
2011-2012,Marion Verbruggen & the Italian Baroque Recorder,3,"Ottavio Dantone, conductorMarion Verbruggen, recorder","ARCANGELO CORELLI (1653-1713)  Concerto Grosso in F major, Op. 6 No. 2GIOVANNI LORENZO GREGORI (1663-1745) Concerto Grosso in A minor, Op. 2 No. 6FRANCESCO GEMINIANI (1687-1762) Concerto Grosso in D minor, Op. 3 No. 4ANTONIO VIVALDI (1678-1741) Concerto for Alto Recorder in F major, ÒLa tempesta di mare,Ó RV 433INTERMISSIONGIUSEPPE SAMMARTINI (1695-1750 Concerto for Soprano Recorder in F majorALESSANDRO SCARLATTI (1660-1725) Concerto Grosso No. 4 in G minorVIVALDI Concerto for Strings in D minor, RV 128CORELLI Concerto Grosso in D major, Op. 6 No. 4",San Francisco
2011-2012,Marion Verbruggen & the Italian Baroque Recorder,3,"Ottavio Dantone, conductorMarion Verbruggen, recorder","ARCANGELO CORELLI (1653-1713)  Concerto Grosso in F major, Op. 6 No. 2GIOVANNI LORENZO GREGORI (1663-1745) Concerto Grosso in A minor, Op. 2 No. 6FRANCESCO GEMINIANI (1687-1762) Concerto Grosso in D minor, Op. 3 No. 4ANTONIO VIVALDI (1678-1741) Concerto for Alto Recorder in F major, ÒLa tempesta di mare,Ó RV 433INTERMISSIONGIUSEPPE SAMMARTINI (1695-1750 Concerto for Soprano Recorder in F majorALESSANDRO SCARLATTI (1660-1725) Concerto Grosso No. 4 in G minorVIVALDI Concerto for Strings in D minor, RV 128CORELLI Concerto Grosso in D major, Op. 6 No. 4",
2011-2012,Marion Verbruggen & the Italian Baroque Recorder,3,"Ottavio Dantone, conductorMarion Verbruggen, recorder","ARCANGELO CORELLI (1653-1713)  Concerto Grosso in F major, Op. 6 No. 2GIOVANNI LORENZO GREGORI (1663-1745) Concerto Grosso in A minor, Op. 2 No. 6FRANCESCO GEMINIANI (1687-1762) Concerto Grosso in D minor, Op. 3 No. 4ANTONIO VIVALDI (1678-1741) Concerto for Alto Recorder in F major, ÒLa tempesta di mare,Ó RV 433INTERMISSIONGIUSEPPE SAMMARTINI (1695-1750 Concerto for Soprano Recorder in F majorALESSANDRO SCARLATTI (1660-1725) Concerto Grosso No. 4 in G minorVIVALDI Concerto for Strings in D minor, RV 128CORELLI Concerto Grosso in D major, Op. 6 No. 4",Berkeley Sunday
2011-2012,Marion Verbruggen & the Italian Baroque Recorder,3,"Ottavio Dantone, conductorMarion Verbruggen, recorder","ARCANGELO CORELLI (1653-1713)  Concerto Grosso in F major, Op. 6 No. 2GIOVANNI LORENZO GREGORI (1663-1745) Concerto Grosso in A minor, Op. 2 No. 6FRANCESCO GEMINIANI (1687-1762) Concerto Grosso in D minor, Op. 3 No. 4ANTONIO VIVALDI (1678-1741) Concerto for Alto Recorder in F major, ÒLa tempesta di mare,Ó RV 433INTERMISSIONGIUSEPPE SAMMARTINI (1695-1750 Concerto for Soprano Recorder in F majorALESSANDRO SCARLATTI (1660-1725) Concerto Grosso No. 4 in G minorVIVALDI Concerto for Strings in D minor, RV 128CORELLI Concerto Grosso in D major, Op. 6 No. 4",Peninsula
2011-2012,Marion Verbruggen & the Italian Baroque Recorder,3,"Ottavio Dantone, conductorMarion Verbruggen, recorder","ARCANGELO CORELLI (1653-1713)  Concerto Grosso in F major, Op. 6 No. 2GIOVANNI LORENZO GREGORI (1663-1745) Concerto Grosso in A minor, Op. 2 No. 6FRANCESCO GEMINIANI (1687-1762) Concerto Grosso in D minor, Op. 3 No. 4ANTONIO VIVALDI (1678-1741) Concerto for Alto Recorder in F major, ÒLa tempesta di mare,Ó RV 433INTERMISSIONGIUSEPPE SAMMARTINI (1695-1750 Concerto for Soprano Recorder in F majorALESSANDRO SCARLATTI (1660-1725) Concerto Grosso No. 4 in G minorVIVALDI Concerto for Strings in D minor, RV 128CORELLI Concerto Grosso in D major, Op. 6 No. 4",Berkeley Saturday
2011-2012,Bach's Mass in B Minor,4,"Nicholas McGegan, conductorSherezade Panthaki, sopranoDaniel Taylor, countertenorThomas Cooley, tenorNathaniel Watson, baritonePhilharmonia Chorale, Bruce Lamott, director","JOHANN SEBASTIAN BACH (1685-1750)ÊÊ Mass in B minor, BWV 232",Berkeley Sunday
2011-2012,Bach's Mass in B Minor,4,"Nicholas McGegan, conductorSherezade Panthaki, sopranoDaniel Taylor, countertenorThomas Cooley, tenorNathaniel Watson, baritonePhilharmonia Chorale, Bruce Lamott, director","JOHANN SEBASTIAN BACH (1685-1750)ÊÊ Mass in B minor, BWV 232",Peninsula
2011-2012,Bach's Mass in B Minor,4,"Nicholas McGegan, conductorSherezade Panthaki, sopranoDaniel Taylor, countertenorThomas Cooley, tenorNathaniel Watson, baritonePhilharmonia Chorale, Bruce Lamott, director","JOHANN SEBASTIAN BACH (1685-1750)ÊÊ Mass in B minor, BWV 232",San Francisco
2011-2012,Bach's Mass in B Minor,4,"Nicholas McGegan, conductorSherezade Panthaki, sopranoDaniel Taylor, countertenorThomas Cooley, tenorNathaniel Watson, baritonePhilharmonia Chorale, Bruce Lamott, director","JOHANN SEBASTIAN BACH (1685-1750)ÊÊ Mass in B minor, BWV 232",Berkeley Saturday
2011-2012,Richard Egarr: Masters of the English Baroque,5,"Richard Egarr, harpsichord and conductor","HANDEL: Symphony from SaulLOCKE: Music from The TempestPURCELL: Suite from The Fairy QueenARNE: Concerto for Harpsichord No. 5 in G minorLAWES: String Fantasy  6HANDEL: Concerto Grosso Op. 3, No. 5 in D minor, HWV 316HANDEL: ÒArrival of the Queen of ShebaÓ from Solomon",Berkeley Saturday
2011-2012,Richard Egarr: Masters of the English Baroque,5,"Richard Egarr, harpsichord and conductor","HANDEL: Symphony from SaulLOCKE: Music from The TempestPURCELL: Suite from The Fairy QueenARNE: Concerto for Harpsichord No. 5 in G minorLAWES: String Fantasy  6HANDEL: Concerto Grosso Op. 3, No. 5 in D minor, HWV 316HANDEL: ÒArrival of the Queen of ShebaÓ from Solomon",Berkeley Sunday
2011-2012,Richard Egarr: Masters of the English Baroque,5,"Richard Egarr, harpsichord and conductor","HANDEL: Symphony from SaulLOCKE: Music from The TempestPURCELL: Suite from The Fairy QueenARNE: Concerto for Harpsichord No. 5 in G minorLAWES: String Fantasy  6HANDEL: Concerto Grosso Op. 3, No. 5 in D minor, HWV 316HANDEL: ÒArrival of the Queen of ShebaÓ from Solomon",San Francisco
2011-2012,Richard Egarr: Masters of the English Baroque,5,"Richard Egarr, harpsichord and conductor","HANDEL: Symphony from SaulLOCKE: Music from The TempestPURCELL: Suite from The Fairy QueenARNE: Concerto for Harpsichord No. 5 in G minorLAWES: String Fantasy  6HANDEL: Concerto Grosso Op. 3, No. 5 in D minor, HWV 316HANDEL: ÒArrival of the Queen of ShebaÓ from Solomon",
2011-2012,Richard Egarr: Masters of the English Baroque,5,"Richard Egarr, harpsichord and conductor","HANDEL: Symphony from SaulLOCKE: Music from The TempestPURCELL: Suite from The Fairy QueenARNE: Concerto for Harpsichord No. 5 in G minorLAWES: String Fantasy  6HANDEL: Concerto Grosso Op. 3, No. 5 in D minor, HWV 316HANDEL: ÒArrival of the Queen of ShebaÓ from Solomon",Peninsula
2011-2012,Schumann's Cello Concerto,6,"Nicholas McGegan, conductorSteven Isserlis, violoncello","FELIX MENDELSSOHN(1809-1847)The Fair Melusine, Op. 32ROBERT SCHUMANN(1810-1856)Concerto for Violoncello in A minor, Op. 129Nicht zu schnellLangsamSehr lebhaftSteven Isserlis, violoncelloJOHANNES BRAHMS(1833-1897)Serenade No. 2 in A major, Op. 16Allegro moderatoScherzoAdagio non troppoQuasi menuettoRondo",Peninsula
2011-2012,Schumann's Cello Concerto,6,"Nicholas McGegan, conductorSteven Isserlis, violoncello","FELIX MENDELSSOHN(1809-1847)The Fair Melusine, Op. 32ROBERT SCHUMANN(1810-1856)Concerto for Violoncello in A minor, Op. 129Nicht zu schnellLangsamSehr lebhaftSteven Isserlis, violoncelloJOHANNES BRAHMS(1833-1897)Serenade No. 2 in A major, Op. 16Allegro moderatoScherzoAdagio non troppoQuasi menuettoRondo",Berkeley Saturday
2011-2012,Schumann's Cello Concerto,6,"Nicholas McGegan, conductorSteven Isserlis, violoncello","FELIX MENDELSSOHN(1809-1847)The Fair Melusine, Op. 32ROBERT SCHUMANN(1810-1856)Concerto for Violoncello in A minor, Op. 129Nicht zu schnellLangsamSehr lebhaftSteven Isserlis, violoncelloJOHANNES BRAHMS(1833-1897)Serenade No. 2 in A major, Op. 16Allegro moderatoScherzoAdagio non troppoQuasi menuettoRondo",San Francisco
2011-2012,Schumann's Cello Concerto,6,"Nicholas McGegan, conductorSteven Isserlis, violoncello","FELIX MENDELSSOHN(1809-1847)The Fair Melusine, Op. 32ROBERT SCHUMANN(1810-1856)Concerto for Violoncello in A minor, Op. 129Nicht zu schnellLangsamSehr lebhaftSteven Isserlis, violoncelloJOHANNES BRAHMS(1833-1897)Serenade No. 2 in A major, Op. 16Allegro moderatoScherzoAdagio non troppoQuasi menuettoRondo",Berkeley Sunday
2011-2012,Alexander's Feast,7,"Nicholas McGegan, conductorDominique Labelle, sopranoDann Coakwell, tenorPhilip Cutlip, baritonePhilharmonia Chorale, Bruce Lamott, director",HANDEL: AlexanderÕs Feast,San Francisco
2011-2012,Alexander's Feast,7,"Nicholas McGegan, conductorDominique Labelle, sopranoDann Coakwell, tenorPhilip Cutlip, baritonePhilharmonia Chorale, Bruce Lamott, director",HANDEL: AlexanderÕs Feast,Berkeley Saturday
2011-2012,Alexander's Feast,7,"Nicholas McGegan, conductorDominique Labelle, sopranoDann Coakwell, tenorPhilip Cutlip, baritonePhilharmonia Chorale, Bruce Lamott, director",HANDEL: AlexanderÕs Feast,Peninsula
2011-2012,Alexander's Feast,7,"Nicholas McGegan, conductorDominique Labelle, sopranoDann Coakwell, tenorPhilip Cutlip, baritonePhilharmonia Chorale, Bruce Lamott, director",HANDEL: AlexanderÕs Feast,Berkeley Sunday
2011-2012,Mozart and Haydn,1,"Nicholas McGegan, conductorR.J. Kelley, horn","WOLFGANG AMADEUS MOZART (1756-1791)Symphony No. 38 in D major, K. 504 ÒPragueÓMOZARTÒConcerto pasticcioÓ for Horn in E-flat major, K. 370b/495/371R. J. Kelley, hornINTERMISSIONFRANZ IGNAZ BECK (1734 - 1809)Overture from La mort dÕOrpheJOSEPH HAYDN (1732-1809)Symphony No. 98 in B-flat major, H. I.98",
2012-2013,Beethoven's Fourths,2,"Nicholas McGegan, conductorEmanuel Ax, fortepianoPhilharmonia Baroque Orchestra","BeethovenÕs FourthsBEETHOVEN Piano Concerto No. 4 in G major, Op. 58BEETHOVEN 12 Contredanses for Orchestra, WoO 14BEETHOVEN Symphony No. 4 in B-flat major, Op. 60",San Francisco
2012-2013,Beethoven's Fourths,2,"Nicholas McGegan, conductorEmanuel Ax, fortepianoPhilharmonia Baroque Orchestra","BeethovenÕs FourthsBEETHOVEN Piano Concerto No. 4 in G major, Op. 58BEETHOVEN 12 Contredanses for Orchestra, WoO 14BEETHOVEN Symphony No. 4 in B-flat major, Op. 60",Berkeley Saturday
2012-2013,Beethoven's Fourths,2,"Nicholas McGegan, conductorEmanuel Ax, fortepianoPhilharmonia Baroque Orchestra","BeethovenÕs FourthsBEETHOVEN Piano Concerto No. 4 in G major, Op. 58BEETHOVEN 12 Contredanses for Orchestra, WoO 14BEETHOVEN Symphony No. 4 in B-flat major, Op. 60",Berkeley Sunday
2012-2013,Beethoven's Fourths,2,"Nicholas McGegan, conductorEmanuel Ax, fortepianoPhilharmonia Baroque Orchestra","BeethovenÕs FourthsBEETHOVEN Piano Concerto No. 4 in G major, Op. 58BEETHOVEN 12 Contredanses for Orchestra, WoO 14BEETHOVEN Symphony No. 4 in B-flat major, Op. 60",Peninsula
2012-2013,A Bach Christmas,3,"Masaaki Suzuki, conductorSherezade Panthaki, sopranoClaire Kelm, sopranoFabiana Gonzlez, altoDann Coakwell, tenorDashon Burton, bass-baritonePhilharmonia Chorale Ð Bruce Lamott, director","J.S. BACHOrchestral Suite No. 3 in D major, BWV 1068Cantata No. 63 Christen, tzet diesen Tag, BWV 63Magnificat in E-flat major, BWV 243a",Berkeley Saturday
2012-2013,A Bach Christmas,3,"Masaaki Suzuki, conductorSherezade Panthaki, sopranoClaire Kelm, sopranoFabiana Gonzlez, altoDann Coakwell, tenorDashon Burton, bass-baritonePhilharmonia Chorale Ð Bruce Lamott, director","J.S. BACHOrchestral Suite No. 3 in D major, BWV 1068Cantata No. 63 Christen, tzet diesen Tag, BWV 63Magnificat in E-flat major, BWV 243a",Berkeley Sunday
2012-2013,A Bach Christmas,3,"Masaaki Suzuki, conductorSherezade Panthaki, sopranoClaire Kelm, sopranoFabiana Gonzlez, altoDann Coakwell, tenorDashon Burton, bass-baritonePhilharmonia Chorale Ð Bruce Lamott, director","J.S. BACHOrchestral Suite No. 3 in D major, BWV 1068Cantata No. 63 Christen, tzet diesen Tag, BWV 63Magnificat in E-flat major, BWV 243a",San Francisco
2012-2013,A Bach Christmas,3,"Masaaki Suzuki, conductorSherezade Panthaki, sopranoClaire Kelm, sopranoFabiana Gonzlez, altoDann Coakwell, tenorDashon Burton, bass-baritonePhilharmonia Chorale Ð Bruce Lamott, director","J.S. BACHOrchestral Suite No. 3 in D major, BWV 1068Cantata No. 63 Christen, tzet diesen Tag, BWV 63Magnificat in E-flat major, BWV 243a",Peninsula
2012-2013,Quintessence of Classical Style,4,"Nicholas McGegan, conductorMarc Schachman, oboeDanny Bond, bassoon","FRANZ JOSEPH HAYDNSymphony No. 44 in E minor ÒTrauerÓ, Hob.I:44J.C. BACHSinfonia Concertante for Oboe and Bassoon in F major (C 38)J.C. BACHSymphony No. 6 in G minor, Op. 6WOLFGANG AMADEUS MOZARTSymphony No. 29 in A major, K. 201",San Francisco
2012-2013,Quintessence of Classical Style,4,"Nicholas McGegan, conductorMarc Schachman, oboeDanny Bond, bassoon","FRANZ JOSEPH HAYDNSymphony No. 44 in E minor ÒTrauerÓ, Hob.I:44J.C. BACHSinfonia Concertante for Oboe and Bassoon in F major (C 38)J.C. BACHSymphony No. 6 in G minor, Op. 6WOLFGANG AMADEUS MOZARTSymphony No. 29 in A major, K. 201",Berkeley Saturday
2012-2013,Quintessence of Classical Style,4,"Nicholas McGegan, conductorMarc Schachman, oboeDanny Bond, bassoon","FRANZ JOSEPH HAYDNSymphony No. 44 in E minor ÒTrauerÓ, Hob.I:44J.C. BACHSinfonia Concertante for Oboe and Bassoon in F major (C 38)J.C. BACHSymphony No. 6 in G minor, Op. 6WOLFGANG AMADEUS MOZARTSymphony No. 29 in A major, K. 201",Berkeley Sunday
2012-2013,The Italian Violin,5,"Rachel Podger, violin and leaderElizabeth Blumenstock, violinKatherine Kyme, violinCarla Moore, violin","ANTONIO VIVALDIConcerto for Violin in A major, RV 348from La cetra, Op. 9 No. 2Concerto for Two Violins in A major, RV 519from LÕestro armonico, Op. 3 No. 5ARCANGELO CORELLIConcerto Grosso No. 1 in D major, Op. 6GIOVANNI MOSSIConcerto for Four Violins in G minor, Op. 4 No. 12GIOVANNI BATTISTA PERGOLESIConcerto for Violin in B-flat majorPIETRO LOCATELLIConcerto for Four Violins in F major No. 12, Op. 4",Berkeley Sunday
2012-2013,The Italian Violin,5,"Rachel Podger, violin and leaderElizabeth Blumenstock, violinKatherine Kyme, violinCarla Moore, violin","ANTONIO VIVALDIConcerto for Violin in A major, RV 348from La cetra, Op. 9 No. 2Concerto for Two Violins in A major, RV 519from LÕestro armonico, Op. 3 No. 5ARCANGELO CORELLIConcerto Grosso No. 1 in D major, Op. 6GIOVANNI MOSSIConcerto for Four Violins in G minor, Op. 4 No. 12GIOVANNI BATTISTA PERGOLESIConcerto for Violin in B-flat majorPIETRO LOCATELLIConcerto for Four Violins in F major No. 12, Op. 4",San Francisco
2012-2013,The Italian Violin,5,"Rachel Podger, violin and leaderElizabeth Blumenstock, violinKatherine Kyme, violinCarla Moore, violin","ANTONIO VIVALDIConcerto for Violin in A major, RV 348from La cetra, Op. 9 No. 2Concerto for Two Violins in A major, RV 519from LÕestro armonico, Op. 3 No. 5ARCANGELO CORELLIConcerto Grosso No. 1 in D major, Op. 6GIOVANNI MOSSIConcerto for Four Violins in G minor, Op. 4 No. 12GIOVANNI BATTISTA PERGOLESIConcerto for Violin in B-flat majorPIETRO LOCATELLIConcerto for Four Violins in F major No. 12, Op. 4",Family concert
2012-2013,The Italian Violin,5,"Rachel Podger, violin and leaderElizabeth Blumenstock, violinKatherine Kyme, violinCarla Moore, violin","ANTONIO VIVALDIConcerto for Violin in A major, RV 348from La cetra, Op. 9 No. 2Concerto for Two Violins in A major, RV 519from LÕestro armonico, Op. 3 No. 5ARCANGELO CORELLIConcerto Grosso No. 1 in D major, Op. 6GIOVANNI MOSSIConcerto for Four Violins in G minor, Op. 4 No. 12GIOVANNI BATTISTA PERGOLESIConcerto for Violin in B-flat majorPIETRO LOCATELLIConcerto for Four Violins in F major No. 12, Op. 4",Berkeley Saturday
2012-2013,Heroic Theseus,6,"Nicholas McGegan, conductorAmanda Forsythe, soprano (Teseo)Dominique Labelle, soprano (Medea)Amy Freston, soprano (Agilea)Cline Ricci, soprano (Clizia)Robin Blaze, countertenor (Arcane)Drew Minter, countertenor (Egeo)","GEORGE FRIDERIC HANDELTeseo, HWV 9",San Francisco
2012-2013,Heroic Theseus,6,"Nicholas McGegan, conductorAmanda Forsythe, soprano (Teseo)Dominique Labelle, soprano (Medea)Amy Freston, soprano (Agilea)Cline Ricci, soprano (Clizia)Robin Blaze, countertenor (Arcane)Drew Minter, countertenor (Egeo)","GEORGE FRIDERIC HANDELTeseo, HWV 9",Berkeley Sunday
2012-2013,Heroic Theseus,6,"Nicholas McGegan, conductorAmanda Forsythe, soprano (Teseo)Dominique Labelle, soprano (Medea)Amy Freston, soprano (Agilea)Cline Ricci, soprano (Clizia)Robin Blaze, countertenor (Arcane)Drew Minter, countertenor (Egeo)","GEORGE FRIDERIC HANDELTeseo, HWV 9",Berkeley Saturday
2012-2013,Heroic Theseus,6,"Nicholas McGegan, conductorAmanda Forsythe, soprano (Teseo)Dominique Labelle, soprano (Medea)Amy Freston, soprano (Agilea)Cline Ricci, soprano (Clizia)Robin Blaze, countertenor (Arcane)Drew Minter, countertenor (Egeo)","GEORGE FRIDERIC HANDELTeseo, HWV 9",Peninsula
2013-2014,Pergolesi in Naples,1,"Nicholas McGegan, conductorDavid Daniels, countertenorCarolyn Sampson, soprano","HANDELDuet ÒIo tÕabbraccioÓ from RodelindaAria ÒDove seiÓ from RodelindaAria ÒDa tempesteÓ from Giulio CesareDuet ÒCaro / BellaÓ from Giulio CesareDURANTEConcerto Grosso in G MinorPERGOLESIStabat MaterSinfonia from LÕOlimpiade",Berkeley Saturday
2013-2014,Pergolesi in Naples,1,"Nicholas McGegan, conductorDavid Daniels, countertenorCarolyn Sampson, soprano","HANDELDuet ÒIo tÕabbraccioÓ from RodelindaAria ÒDove seiÓ from RodelindaAria ÒDa tempesteÓ from Giulio CesareDuet ÒCaro / BellaÓ from Giulio CesareDURANTEConcerto Grosso in G MinorPERGOLESIStabat MaterSinfonia from LÕOlimpiade",Berkeley Sunday
2013-2014,Pergolesi in Naples,1,"Nicholas McGegan, conductorDavid Daniels, countertenorCarolyn Sampson, soprano","HANDELDuet ÒIo tÕabbraccioÓ from RodelindaAria ÒDove seiÓ from RodelindaAria ÒDa tempesteÓ from Giulio CesareDuet ÒCaro / BellaÓ from Giulio CesareDURANTEConcerto Grosso in G MinorPERGOLESIStabat MaterSinfonia from LÕOlimpiade",San Francisco
2013-2014,Pergolesi in Naples,1,"Nicholas McGegan, conductorDavid Daniels, countertenorCarolyn Sampson, soprano","HANDELDuet ÒIo tÕabbraccioÓ from RodelindaAria ÒDove seiÓ from RodelindaAria ÒDa tempesteÓ from Giulio CesareDuet ÒCaro / BellaÓ from Giulio CesareDURANTEConcerto Grosso in G MinorPERGOLESIStabat MaterSinfonia from LÕOlimpiade",Peninsula
2013-2014,Music from Imperial Saint Petersburg,2,"Steven Fox, conductorAnna Dennis, sopranoTanya Tomkins, cello","BEREZOVSKYSymphony in C majorFACIUSConcerto for Violoncello in D minor, Op. 3FOMINDance of the Blessed Spirits from OrpheusBORTNIANSKYSuite from Le fils rivalSuite from AlcideSinfonia ConcertanteGLINKAThree Arias (arr. Rimsky-Korsakov)",Berkeley Saturday
2013-2014,Music from Imperial Saint Petersburg,2,"Steven Fox, conductorAnna Dennis, sopranoTanya Tomkins, cello","BEREZOVSKYSymphony in C majorFACIUSConcerto for Violoncello in D minor, Op. 3FOMINDance of the Blessed Spirits from OrpheusBORTNIANSKYSuite from Le fils rivalSuite from AlcideSinfonia ConcertanteGLINKAThree Arias (arr. Rimsky-Korsakov)",San Francisco
2013-2014,Music from Imperial Saint Petersburg,2,"Steven Fox, conductorAnna Dennis, sopranoTanya Tomkins, cello","BEREZOVSKYSymphony in C majorFACIUSConcerto for Violoncello in D minor, Op. 3FOMINDance of the Blessed Spirits from OrpheusBORTNIANSKYSuite from Le fils rivalSuite from AlcideSinfonia ConcertanteGLINKAThree Arias (arr. Rimsky-Korsakov)",Berkeley Sunday
2013-2014,Music from Imperial Saint Petersburg,2,"Steven Fox, conductorAnna Dennis, sopranoTanya Tomkins, cello","BEREZOVSKYSymphony in C majorFACIUSConcerto for Violoncello in D minor, Op. 3FOMINDance of the Blessed Spirits from OrpheusBORTNIANSKYSuite from Le fils rivalSuite from AlcideSinfonia ConcertanteGLINKAThree Arias (arr. Rimsky-Korsakov)",Peninsula
2013-2014,Solomon in London,3,"Nicholas McGegan, conductorYulia Van Doren, sopranoThomas Cooley, tenorPhilharmonia Baroque OrchestraPhilharmonia Chorale Ð Bruce Lamott, director","STANLEYConcerto in B minor, Op. 2, No. 2CROFTThe Burial ServiceBOYCESolomon, a serenata",Berkeley Saturday
2013-2014,Solomon in London,3,"Nicholas McGegan, conductorYulia Van Doren, sopranoThomas Cooley, tenorPhilharmonia Baroque OrchestraPhilharmonia Chorale Ð Bruce Lamott, director","STANLEYConcerto in B minor, Op. 2, No. 2CROFTThe Burial ServiceBOYCESolomon, a serenata",San Francisco
2013-2014,Solomon in London,3,"Nicholas McGegan, conductorYulia Van Doren, sopranoThomas Cooley, tenorPhilharmonia Baroque OrchestraPhilharmonia Chorale Ð Bruce Lamott, director","STANLEYConcerto in B minor, Op. 2, No. 2CROFTThe Burial ServiceBOYCESolomon, a serenata",Berkeley Sunday
2013-2014,CPE Bach and Haydn: Berlin and Vienna,4,"Nicholas McGegan, conductorRobert Levin, harpsichordYa-Fei Chuang, fortepianoPhilharmonia Baroque Orchestra","CPE BACHSymphony in E minor, Wq 178Concerto for Fortepiano and Harpsichord in E-flat major, Wq 47Keyboard Concerto in B minor, Wq 30HAYDNSymphony No. 68 in B-flat major",San Francisco
2013-2014,CPE Bach and Haydn: Berlin and Vienna,4,"Nicholas McGegan, conductorRobert Levin, harpsichordYa-Fei Chuang, fortepianoPhilharmonia Baroque Orchestra","CPE BACHSymphony in E minor, Wq 178Concerto for Fortepiano and Harpsichord in E-flat major, Wq 47Keyboard Concerto in B minor, Wq 30HAYDNSymphony No. 68 in B-flat major",Berkeley Sunday
2013-2014,CPE Bach and Haydn: Berlin and Vienna,4,"Nicholas McGegan, conductorRobert Levin, harpsichordYa-Fei Chuang, fortepianoPhilharmonia Baroque Orchestra","CPE BACHSymphony in E minor, Wq 178Concerto for Fortepiano and Harpsichord in E-flat major, Wq 47Keyboard Concerto in B minor, Wq 30HAYDNSymphony No. 68 in B-flat major",Berkeley Saturday
2013-2014,Music from the Heart of Europe,5,"Elizabeth Blumenstock, violin and leaderPhilharmonia Baroque Orchestra","GEORG MUFFATFasciculus I ÒNobilis JuventusÓ from Florilegium SecundumJOHANN HEINRICH SCHMELZERSonata III from Sacro-profanum Concentus MusicusJOHANN SCHEINSuite VII from Banchetto MusicaleHEINRICH VON BIBERSonata IX from Sonatae tam aris quam aulis servientesJ. SCHMELZERBalletto a 4 PastorellaJOSEPH UMSTATTConcerto for Violin, Strings and Continuo in A MajorJOHANN PISENDELSonata for Orchestra in C minor, JunP III 2bJ.S. BACHRicercar a 6 from The Musical OfferingGEORG PHILLIP TELEMANNOverture-Suite in B-flat major ÒLes NationsÓ",San Francisco
2013-2014,Music from the Heart of Europe,5,"Elizabeth Blumenstock, violin and leaderPhilharmonia Baroque Orchestra","GEORG MUFFATFasciculus I ÒNobilis JuventusÓ from Florilegium SecundumJOHANN HEINRICH SCHMELZERSonata III from Sacro-profanum Concentus MusicusJOHANN SCHEINSuite VII from Banchetto MusicaleHEINRICH VON BIBERSonata IX from Sonatae tam aris quam aulis servientesJ. SCHMELZERBalletto a 4 PastorellaJOSEPH UMSTATTConcerto for Violin, Strings and Continuo in A MajorJOHANN PISENDELSonata for Orchestra in C minor, JunP III 2bJ.S. BACHRicercar a 6 from The Musical OfferingGEORG PHILLIP TELEMANNOverture-Suite in B-flat major ÒLes NationsÓ",Berkeley Saturday
2013-2014,Music from the Heart of Europe,5,"Elizabeth Blumenstock, violin and leaderPhilharmonia Baroque Orchestra","GEORG MUFFATFasciculus I ÒNobilis JuventusÓ from Florilegium SecundumJOHANN HEINRICH SCHMELZERSonata III from Sacro-profanum Concentus MusicusJOHANN SCHEINSuite VII from Banchetto MusicaleHEINRICH VON BIBERSonata IX from Sonatae tam aris quam aulis servientesJ. SCHMELZERBalletto a 4 PastorellaJOSEPH UMSTATTConcerto for Violin, Strings and Continuo in A MajorJOHANN PISENDELSonata for Orchestra in C minor, JunP III 2bJ.S. BACHRicercar a 6 from The Musical OfferingGEORG PHILLIP TELEMANNOverture-Suite in B-flat major ÒLes NationsÓ",Berkeley Sunday
2013-2014,Vivaldi's Venice,6,"Nicholas McGegan, conductorCcile van de Sant, mezzo-sopranoVivica Genaux, mezzo-sopranoDiana Moore, mezzo-sopranoDominique Labelle, sopranoVirginia Warnken, mezzo-sopranoPhilharmonia Chorale Ð Bruce Lamott, director","VIVALDIJuditha triumphans devicta Holofernis barbarie",Berkeley Sunday
2013-2014,Vivaldi's Venice,6,"Nicholas McGegan, conductorCcile van de Sant, mezzo-sopranoVivica Genaux, mezzo-sopranoDiana Moore, mezzo-sopranoDominique Labelle, sopranoVirginia Warnken, mezzo-sopranoPhilharmonia Chorale Ð Bruce Lamott, director","VIVALDIJuditha triumphans devicta Holofernis barbarie",San Francisco
2013-2014,Vivaldi's Venice,6,"Nicholas McGegan, conductorCcile van de Sant, mezzo-sopranoVivica Genaux, mezzo-sopranoDiana Moore, mezzo-sopranoDominique Labelle, sopranoVirginia Warnken, mezzo-sopranoPhilharmonia Chorale Ð Bruce Lamott, director","VIVALDIJuditha triumphans devicta Holofernis barbarie",Berkeley Saturday